source,domain,date,lang,title,url
CBC News,cbc.ca,2017-10-04,en,New York Times tech columnist wants online platforms to prevent misinformation spreading during breaking news,http://www.cbc.ca/news/canada/british-columbia/new-york-times-tech-columnist-wants-online-platforms-to-prevent-misinformation-spreading-during-breaking-news-1.4328015?cmp=rss
CBC News,cbc.ca,2017-11-23,en,It's okay to be white' posters pop up at U of R; security investigating,http://www.cbc.ca/news/canada/saskatchewan/it-s-okay-to-be-white-poster-pops-up-at-u-of-r-security-investigating-1.4415514?cmp=rss
CBC News,cbc.ca,2018-04-24,en,Toronto attack an opportunity to re-evaluate de-radicalization in Canada,http://www.cbc.ca/news/politics/toronto-van-attack-reradicalization-canada-1.4640801
CBC News,cbc.ca,2018-04-25,en,"How the misogynistic, insular world of 'incels' may have inspired the Toronto van attack",http://www.cbc.ca/news/canada/what-is-an-incel-toronto-van-attack-explainer-alek-minassian-1.4633893?cmp=rss
CBC News,cbc.ca,2018-04-25,en,Van attack prompting 'talk about misogyny' as motive,http://www.cbc.ca/news/canada/toronto/toronto-van-attack-1.4634692?cmp=rss
CBC News,cbc.ca,2018-04-27,en,Fringe internet culture can't stay in the fringes: Opinion,http://www.cbc.ca/news/opinion/fringe-internet-culture-1.4636614?cmp=rss
CBC News,cbc.ca,2018-04-30,en,Toronto attack an opportunity to re-evaluate de-radicalization in Canada,http://www.cbc.ca/news/politics/toronto-van-attack-reradicalization-canada-1.4640801?cmp=rss
CBC News,cbc.ca,2019-01-25,en,Why incels are a 'real and present threat' for Canadians,https://www.cbc.ca/news/canada/incel-threat-canadians-fifth-estate-1.4992184?cmp=rss
CBC News,cbc.ca,2019-03-18,en,"Despite Trump's view, white nationalism is a growing threat, data shows",https://www.cbc.ca/news/world/trump-invasion-rhetoric-new-zealand-data-white-nationalism-1.5061919?cmp=rss
CBC News,cbc.ca,2019-03-18,en,"Despite Trump's view, white nationalism is a growing threat, data shows",https://www.cbc.ca/news/world/trump-invasion-rhetoric-new-zealand-data-white-nationalism-1.5061919
CBC News,cbc.ca,2019-08-14,en,Alleged Christchurch gunman sends letter from prison cell,https://www.cbc.ca/news/world/alleged-christchurch-gunman-sends-letter-from-prison-1.5246344?cmp=rss
CBC News,cbc.ca,2019-08-29,en,Western student groups rally behind peer who spoke out about prof using N-word,https://www.cbc.ca/news/canada/london/western-student-groups-rally-behind-peer-who-spoke-out-about-prof-using-n-word-1.5341310?cmp=rss
CBC News,cbc.ca,2019-09-26,en,Alek Minassian reveals details of Toronto van attack in video of police interview,https://www.cbc.ca/news/canada/toronto/alek-minassian-police-interview-1.5298021?cmp=rss
CBC News,cbc.ca,2020-01-29,en,Elections Canada tracked online misinformation during the federal election - here's what it found,https://www.cbc.ca/news/politics/elections-canada-social-media-monitoring-findings-1.5444268?cmp=rss
CBC News,cbc.ca,2025-08-01,en,A controversial dating app for women was hacked. Why is Tea still so popular?,https://www.cbc.ca/news/canada/women-dating-app-tea-hacked-1.7598356?cmp=rss
CTV News,ctvnews.ca,2017-10-02,en,Las Vegas latest: Officials update number of firearms found,http://www.ctvnews.ca/world/las-vegas-latest-police-search-las-vegas-shooting-suspect-s-home-1.3614896
CTV News,ctvnews.ca,2017-11-06,en,'It's okay to be white' signs posted outside schools,http://kitchener.ctvnews.ca/it-s-okay-to-be-white-signs-posted-outside-schools-1.3666093
CTV News,ctvnews.ca,2019-07-15,en,"Grisly murder of U.S. teenager shared on social media, suspect arrested",https://www.ctvnews.ca/world/grisly-murder-of-u-s-teenager-shared-on-social-media-suspect-arrested-1.4509083
CTV News,ctvnews.ca,2019-07-15,en,"Grisly murder of U.S. teenager shared on social media, suspect charged",https://www.ctvnews.ca/world/grisly-murder-of-u-s-teenager-shared-on-social-media-suspect-charged-1.4509083
CTV News,ctvnews.ca,2019-07-22,en,"Bianca Devins: Teen’s murder on social media highlights much larger problem, experts say",https://www.ctvnews.ca/world/bianca-devins-teen-s-murder-on-social-media-highlights-much-larger-problem-experts-say-1.4518735
CTV News,ctvnews.ca,2019-08-14,en,Alleged Christchurch gunman sends letter from prison cell,https://www.ctvnews.ca/world/alleged-christchurch-gunman-sends-letter-from-prison-cell-1.4548914
CTV News,ctvnews.ca,2020-06-19,en,"More than 6,000 Canadian online channels involved in spreading right-wing extremism, study finds",https://www.ctvnews.ca/canada/more-than-6-000-canadian-online-channels-involved-in-spreading-right-wing-extremism-study-finds-1.4991473
CTV News,ctvnews.ca,2020-07-14,en,QAnon conspiracy theory followers step out of the shadows and may be headed to U.S. Congress,https://www.ctvnews.ca/world/qanon-conspiracy-theory-followers-step-out-of-the-shadows-and-may-be-headed-to-u-s-congress-1.5023191
CTV News,ctvnews.ca,2020-11-10,en,Alek Minassian says he's not criminally responsible for Toronto van attack,https://toronto.ctvnews.ca/alek-minassian-says-he-s-not-criminally-responsible-for-toronto-van-attack-1.5182129
CTV News,ctvnews.ca,2021-01-17,en,Swiss text sleuths unpick mystery of QAnon origins,https://www.ctvnews.ca/world/america-votes/swiss-text-sleuths-unpick-mystery-of-qanon-origins-1.5270289
CTV News,ctvnews.ca,2021-04-24,en,Japan's QAnon disciples aren't letting Trump's loss quash their mission,https://www.ctvnews.ca/world/japan-s-qanon-disciples-aren-t-letting-trump-s-loss-quash-their-mission-1.5400892
CTV News,ctvnews.ca,2021-06-04,en,Quebec health minister accused of using white power symbol in Twitter joke,https://montreal.ctvnews.ca/quebec-health-minister-accused-of-using-white-power-symbol-in-twitter-joke-1.5456244
CTV News,ctvnews.ca,2021-09-02,en,U.S. Congress asks tech companies for Jan. 6 records,https://www.ctvnews.ca/sci-tech/u-s-congress-asks-tech-companies-for-jan-6-records-1.5570653
CTV News,ctvnews.ca,2022-02-21,en,The transatlantic network connecting France's 'Freedom Convoy' to Canada,https://www.ctvnews.ca/world/the-transatlantic-network-connecting-france-s-freedom-convoy-to-canada-1.5789605
CTV News,ctvnews.ca,2022-07-08,en,N.Y. gun application to require screening of social media accounts,https://www.ctvnews.ca/world/n-y-gun-application-to-require-screening-of-social-media-accounts-1.5979554
CTV News,ctvnews.ca,2023-02-25,en,Media drop Dilbert after creator's Black 'hate group' remark,https://www.ctvnews.ca/entertainment/u-s-newspapers-drop-dilbert-after-creator-s-black-hate-group-remark-1.6289463
CTV News,ctvnews.ca,2023-02-27,en,Publisher severs ties with Dilbert creator Scott Adams,https://www.ctvnews.ca/entertainment/dilbert-distributor-severs-ties-to-creator-over-race-remarks-1.6290533
CTV News,ctvnews.ca,2024-11-30,en,Manosphere' poses threats against women after U.S. election,https://www.ctvnews.ca/world/emboldened-manosphere-accelerates-threats-and-demeaning-language-toward-women-after-u-s-election-1.7129223
Global News,globalnews.ca,2019-11-01,en,"News, Videos Articles",https://globalnews.ca/tag/4chan/
La Presse,lapresse.ca,2017-07-21,fr,Dans le sombre univers du dark Web... | Jean-Frédéric Moreau,http://www.lapresse.ca/le-soleil/actualites/societe/201707/21/01-5118342-dans-le-sombre-univers-du-dark-web.php
National Post,nationalpost.com,2017-10-02,en,The Latest: Guest next to Vegas gunman’s room ‘shaken’,http://nationalpost.com/pmn/entertainment-pmn/the-latest-concert-attendees-say-gunfire-came-from-hotel
National Post,nationalpost.com,2017-10-03,en,"False news about Vegas shooter being a Democrat and ‘far left loon’ spread on Google, Facebook",http://nationalpost.com/news/world/false-news-about-vegas-shooter-being-a-democrat-and-far-left-loon-spread-on-google-facebook
National Post,nationalpost.com,2018-05-07,en,Report: Millions of tweets spread anti-Semitic messages,http://nationalpost.com/pmn/news-pmn/report-millions-of-tweets-spread-anti-semitic-messages
National Post,nationalpost.com,2018-10-24,en,NOT REAL NEWS: Photos not of officers injured by migrants,https://nationalpost.com/pmn/news-pmn/not-real-news-photos-not-of-officers-injured-by-migrants
National Post,nationalpost.com,2018-10-27,en,Suspect in synagogue slayings spewed online hate for Jews,https://nationalpost.com/pmn/news-pmn/suspect-in-synagogue-slayings-spewed-online-hate-for-jews
National Post,nationalpost.com,2019-09-27,en,"‘I accomplished my mission,’ accused in Yonge Street van attack told police",https://nationalpost.com/pmn/news-pmn/canada-news-pmn/i-accomplished-my-mission-accused-in-yonge-street-van-attack-told-police
National Post,nationalpost.com,2020-12-11,en,"Canada not immune to QAnon as pandemic fuels conspiracy theories, experts say",https://nationalpost.com/pmn/news-pmn/canada-news-pmn/canada-not-immune-to-qanon-as-pandemic-fuels-conspiracy-theories-experts-say
National Post,nationalpost.com,2022-07-07,en,Criminalizing holocaust denial in Canada will protect democracy and free speech,https://nationalpost.com/pmn/news-pmn/criminalizing-holocaust-denial-in-canada-will-protect-democracy-and-free-speech
National Post,nationalpost.com,2022-07-08,en,Gun applicants in NY will have to hand over social accounts,https://nationalpost.com/pmn/news-pmn/gun-applicants-in-ny-will-have-to-hand-over-social-accounts
National Post,nationalpost.com,2022-10-18,en,NY leaders propose measures to keep violent videos offline,https://nationalpost.com/pmn/entertainment-pmn/ny-leaders-propose-measures-to-keep-violent-videos-offline
National Post,nationalpost.com,2022-11-23,en,Editorial Roundup: United States,https://nationalpost.com/pmn/news-pmn/editorial-roundup-united-states-24
TVA Nouvelles,tvanouvelles.ca,2018-04-24,fr,Que signifie le dernier message d’Alek Minassian?,http://www.tvanouvelles.ca/2018/04/24/que-signifie-le-dernier-message-dalek-minassian
TVA Nouvelles,tvanouvelles.ca,2019-03-15,fr,"La propagation de la vidéo du massacre de Christchurch, défi pour les plateformes internet",https://www.tvanouvelles.ca/2019/03/15/la-propagation-de-la-video-du-massacre-de-christchurch-defi-pour-les-plateformes-internet
TVA Nouvelles,tvanouvelles.ca,2019-05-15,fr,"Après l'incendie de Notre-Dame, deux victimes de la haine en ligne témoignent",https://www.tvanouvelles.ca/2019/05/15/apres-lincendie-de-notre-dame-deux-victimes-de-la-haine-en-ligne-temoignent
TVA Nouvelles,tvanouvelles.ca,2019-08-05,fr,"8chan, un forum où la haine est reine",https://www.tvanouvelles.ca/2019/08/05/8chan-un-forum-ou-la-haine-est-reine
TVA Nouvelles,tvanouvelles.ca,2019-08-13,fr,La mort d’Epstein annoncé sur un forum internet 40 minutes avant l'annonce des autorités,https://www.tvanouvelles.ca/2019/08/13/la-mort-depstein-annonce-sur-un-forum-internet-40-minutes-avant-les-autorites
TVA Nouvelles,tvanouvelles.ca,2020-05-15,fr,Ces théories du complot qui envahissent internet en temps de la COVID-19,https://www.tvanouvelles.ca/2020/05/15/ces-theories-du-complot-qui-envahissent-internet-en-temps-de-la-covid-19
TVA Nouvelles,tvanouvelles.ca,2020-06-29,fr,Comportements «haineux»: Twitch et Reddit s'attaquent à Trump et à ses partisans,https://www.tvanouvelles.ca/2020/06/29/comportements-haineux-twitch-et-reddit-sattaquent-a-trump-et-a-ses-partisans
TVA Nouvelles,tvanouvelles.ca,2020-07-23,fr,"«QAnon», une armée de complotistes qui veulent faire réélire Trump",https://www.tvanouvelles.ca/2020/07/23/qanon-une-armee-de-complotistes-qui-veulent-faire-reelire-trump-1
TVA Nouvelles,tvanouvelles.ca,2020-08-19,fr,Facebook sévit contre les complotistes pro-Trump de la mouvance QAnon,https://www.tvanouvelles.ca/2020/08/19/facebook-sevit-contre-les-complotistes-pro-trump-de-la-mouvance-qanon-1
TVA Nouvelles,tvanouvelles.ca,2020-10-09,fr,"Publications sur le trafic d'enfants, QAnon nourrit un climat de panique",https://www.tvanouvelles.ca/2020/10/09/publications-sur-le-trafic-denfants-qanon-nourrit-un-climat-de-panique
TVA Nouvelles,tvanouvelles.ca,2020-10-15,fr,YouTube sévit contre les complotistes de QAnon,https://www.tvanouvelles.ca/2020/10/15/youtube-sevit-contre-les-complotistes-de-qanon
TVA Nouvelles,tvanouvelles.ca,2023-07-14,fr,La désinformation anti-LGBT+ prend de l'ampleur aux États-Unis,https://www.tvanouvelles.ca/2023/07/14/la-desinformation-anti-lgbt-prend-de-lampleur-aux-etats-unis
Toronto Star,thestar.com,2020-10-22,en,Family: Man fatally shot by police wasn’t extremist,https://www.thestar.com/news/world/us/2020/10/22/family-man-fatally-shot-by-police-wasnt-extremist.html
Toronto Star,thestar.com,2020-12-07,en,Report shows how New Zealand mosque shooter eluded detection,https://www.thestar.com/news/world/australia/2020/12/07/report-shows-how-new-zealand-mosque-shooter-eluded-detection.html
Toronto Star,thestar.com,2021-07-23,en,Conspiracy theories. Donald Trump followers. Pandemic sees rise in right-wing extremism online in Canada — and report warns of a ‘surge’ as lockdowns lift,https://www.thestar.com/news/canada/2021/07/23/conspiracy-theories-donald-trump-followers-pandemic-sees-a-rise-in-right-wing-extremism-online-in-canada-and-report-warns-of-a-surge-as-lockdowns-lift.html
Toronto Star,thestar.com,2022-11-10,en,Twitter is changing under Elon Musk. Here’s what’s happened since the world’s richest man took control,https://www.thestar.com/business/2022/11/10/twitter-is-changing-under-elon-musk-heres-whats-happened-since-the-worlds-richest-man-took-control.html
Toronto Star,thestar.com,2023-02-27,en,"‘Dilbert,’ Scott Adams lose distributor over racist remarks",https://www.thestar.com/life/2023/02/27/dilbert-distributor-loses-distributor-over-racist-remarks.html
Toronto Star,thestar.com,2024-09-11,en,"As Trump and Harris spar, ABC’s moderators grapple with conducting a debate in a polarized country",https://www.thestar.com/news/as-trump-and-harris-spar-abcs-moderators-grapple-with-conducting-a-debate-in-a-polarized/article_601bc6f2-efce-5a2e-83a7-a3db6b0c5685.html
